<?xml version="1.0" encoding="UTF-8"?>
<kml xmlns="http://earth.google.com/kml/2.2" xmlns:gx="http://www.google.com/kml/ext/2.2" xmlns:atom="http://www.w3.org/2005/Atom">
<Document>
  <name>Polygon.kml</name>
  <open>0</open>
  <Placemark>
    <name>hollow box</name>
    <Polygon>
      <extrude>1</extrude>
      <altitudeMode>relativeToGround</altitudeMode>
      <outerBoundaryIs>
        <LinearRing>
          <coordinates>
            -122.366278,37.818844,30
            -122.365248,37.819267,30
            -122.365640,37.819861,30
            -122.366669,37.819429,30
            -122.366278,37.818844,30
          </coordinates>
        </LinearRing>
      </outerBoundaryIs>
      <innerBoundaryIs>
        <LinearRing>
          <coordinates>
            -122.366212,37.818977,30
            -122.365424,37.819294,30
            -122.365704,37.819731,30
            -122.366488,37.819402,30
            -122.366212,37.818977,30
          </coordinates>
        </LinearRing>
      </innerBoundaryIs>
    </Polygon>
  </Placemark>
</Document>
</kml>